-- phpMyAdmin SQL Dump
-- version 4.0.4.1
-- http://www.phpmyadmin.net
--
-- Host: 127.0.0.1
-- Generation Time: Dec 01, 2013 at 05:02 AM
-- Server version: 5.5.32
-- PHP Version: 5.4.19

SET SQL_MODE = "NO_AUTO_VALUE_ON_ZERO";
SET time_zone = "+00:00";


/*!40101 SET @OLD_CHARACTER_SET_CLIENT=@@CHARACTER_SET_CLIENT */;
/*!40101 SET @OLD_CHARACTER_SET_RESULTS=@@CHARACTER_SET_RESULTS */;
/*!40101 SET @OLD_COLLATION_CONNECTION=@@COLLATION_CONNECTION */;
/*!40101 SET NAMES utf8 */;

--
-- Database: `champ select`
--
CREATE DATABASE IF NOT EXISTS `champ select` DEFAULT CHARACTER SET latin1 COLLATE latin1_swedish_ci;
USE `champ select`;

-- --------------------------------------------------------

--
-- Table structure for table `champion`
--

CREATE TABLE IF NOT EXISTS `champion` (
  `Name` varchar(255) NOT NULL,
  `Difficulty` int(11) NOT NULL,
  `Win_Rate` double NOT NULL,
  PRIMARY KEY (`Name`)
) ENGINE=InnoDB DEFAULT CHARSET=latin1;

--
-- Dumping data for table `champion`
--

INSERT INTO `champion` (`Name`, `Difficulty`, `Win_Rate`) VALUES
('Aatrox', 6, 52.46),
('Ahri', 8, 50.25),
('Akali', 6, 49.42),
('Alistar', 8, 45.21),
('Amumu', 4, 54.47),
('Anivia', 8, 48.15),
('Annie', 4, 52.33),
('Ashe', 4, 50.86),
('Blitzcrank', 6, 51.86),
('Brand', 6, 53.4),
('Caitlyn', 4, 49.3),
('Cassiopeia', 10, 46.26),
('Cho''Gath', 7, 49.32),
('Corki', 7, 52.65),
('Darius', 4, 50.86),
('Diana', 4, 47.41),
('Dr.Mundo', 4, 46.29),
('Draven', 10, 50.39),
('Elise', 8, 45.57),
('Evelynn', 8, 48.98),
('Ezreal', 8, 47.69),
('Fiddlesticks', 5, 52.37),
('Fiora', 5, 54.55),
('Fizz', 8, 50.96),
('Galio', 4, 48.41),
('Gangplank', 5, 47.72),
('Garen', 2, 49.07),
('Gragas', 6, 45.88),
('Graves', 4, 51.84),
('Hecarim', 5, 52.77),
('Heimerdinger', 4, 48.95),
('Irelia', 5, 49.87),
('Janna', 9, 55.1),
('Jarvan IV', 5, 53.67),
('Jax', 6, 51.38),
('Jayce', 8, 48.6),
('Jinx', 9, 50.88),
('Karma', 8, 46.19),
('Karthus', 8, 45.79),
('Kassadin', 8, 53.02),
('Katarina', 5, 50.6),
('Kayle', 5, 48.71),
('Kennen', 5, 47.51),
('Kha''Zix', 7, 46.32),
('Kog''Maw', 8, 52.13),
('LeBlanc', 9, 45.87),
('Lee Sin', 9, 47.89),
('Leona', 4, 52.44),
('Lissandra', 8, 46.96),
('Lucian', 8, 48.62),
('Lulu', 7, 47.88),
('Lux', 6, 49.39),
('Malphite', 3, 49.5),
('Malzahar', 6, 53.05),
('Maokai', 4, 48.98),
('Master Yi', 2, 49.24),
('Miss Fortune', 3, 50),
('Mordekaiser', 3, 53.73),
('Morgana', 6, 50.64),
('Nami', 8, 50.28),
('Nasus', 2, 52.45),
('Nautilus', 6, 47.45),
('Nidalee', 7, 50.41),
('Nocturne', 6, 50.03),
('Nunu', 1, 47.21),
('Olaf', 4, 43.18),
('Orianna', 10, 48.78),
('Pantheon', 5, 47.56),
('Poppy', 7, 49.78),
('Quinn', 7, 52.31),
('Rammus', 5, 55.26),
('Renekton', 3, 50.14),
('Rengar', 5, 44.53),
('Riven', 4, 49.92),
('Rumble', 8, 49.5),
('Ryze', 3, 47),
('Sejuani', 4, 55.47),
('Shaco', 9, 47.86),
('Shen', 3, 47.76),
('Shyvana', 4, 53.3),
('Singed', 5, 50.06),
('Sion', 4, 47.92),
('Sivir', 5, 53.3),
('Skarner', 5, 48.7),
('Sona', 1, 53.83),
('Soraka', 3, 50.15),
('Swain', 5, 51.81),
('Syndra', 10, 43.56),
('Talon', 6, 54.14),
('Taric', 3, 49.73),
('Teemo', 4, 50.22),
('Thresh', 7, 49.32),
('Tristana', 3, 47.82),
('Trundle', 5, 48.96),
('Tryndamere', 6, 52.31),
('Twisted Fate', 9, 44.15),
('Twitch', 8, 50.47),
('Udyr', 5, 49.82),
('Urgot', 8, 41.82),
('Varus', 6, 50.08),
('Vayne', 7, 48.14),
('Veigar', 6, 45.89),
('Vi', 5, 52.05),
('Viktor', 9, 49.96),
('Vladimir', 2, 47.65),
('Volibear', 2, 50.65),
('Warwick', 2, 52.81),
('Wukong', 3, 53.4),
('Xerath', 6, 49.1),
('Xin Zhao', 3, 52.16),
('Yorick', 3, 49.94),
('Zac', 6, 49.9),
('Zed', 9, 47.73),
('Ziggs', 6, 50.41),
('Zilean', 4, 51.17),
('Zyra', 7, 51.28);

-- --------------------------------------------------------

--
-- Table structure for table `crowd_control`
--

CREATE TABLE IF NOT EXISTS `crowd_control` (
  `Ability_Name` varchar(255) NOT NULL,
  `Champ_Name` varchar(255) NOT NULL,
  `Type` varchar(255) NOT NULL,
  PRIMARY KEY (`Ability_Name`),
  KEY `Champ_Name` (`Champ_Name`),
  KEY `Champ_Name_2` (`Champ_Name`)
) ENGINE=InnoDB DEFAULT CHARSET=latin1;

--
-- Dumping data for table `crowd_control`
--

INSERT INTO `crowd_control` (`Ability_Name`, `Champ_Name`, `Type`) VALUES
('90 Caliber Net', 'Caitlyn', 'Soft'),
('Absolute Zero', 'Nunu', 'Soft'),
('Aegis of Zeonia', 'Pantheon', 'Hard'),
('Agony''s Embrace', 'Evelynn', 'Soft'),
('Apprehend', 'Darius', 'Hard'),
('Arcane Smash', 'Maokai', 'Hard'),
('Arctic Assault', 'Sejuani', 'Hard'),
('Assault and Battery', 'Vi', 'Hard'),
('Audacious Charge', 'Xin Zhao', 'Soft'),
('Bandage Toss', 'Amumu', 'Hard'),
('Bear Stance', 'Udyr', 'Hard'),
('Blades of Torment', 'Aatrox', 'Soft'),
('Blinding Assault', 'Quinn', 'Soft'),
('Blinding Dart', 'Teemo', 'Soft'),
('Body Slam', 'Gragas', 'Soft'),
('Bola Strike', 'Rengar', 'Hard'),
('Broken Wings', 'Riven', 'Hard'),
('Call of the Void', 'Malzahar', 'Soft'),
('Cannon Barrage', 'Gangplank', 'Soft'),
('Cataclysm', 'Jarvan IV', 'Terrain'),
('CH-1 Electron Storm Grenade', 'Heimerdinger', 'Hard'),
('Chain of Corruption', 'Varus', 'Hard'),
('Chaos Storm', 'Viktor', 'Soft'),
('Charm', 'Ahri', 'Hard'),
('Chomp', 'Trundle', 'Soft'),
('Chum the Waters', 'Fizz', 'Hard'),
('Cocoon', 'Elise', 'Hard'),
('Command: Dissonance', 'Orianna', 'Soft'),
('Command: Shockwave', 'Orianna', 'Hard'),
('Condemn', 'Vayne', 'Hard'),
('Counter Strike', 'Jax', 'Hard'),
('Crescendo', 'Sona', 'Hard'),
('Crescent Strike', 'Xin Zhao', 'Hard'),
('Cripple', 'Lee Sin', 'Soft'),
('Crippling Strike', 'Darius', 'Soft'),
('Cryptic Gaze', 'Sion', 'Hard'),
('Crystal Slash', 'Skarner', 'Soft'),
('Crystallize', 'Anivia', 'Terrain'),
('Curse of the Sad Mummy', 'Amumu', 'Hard'),
('Cutthroat', 'Talon', 'Soft'),
('Cyclone', 'WuKong', 'Hard'),
('Dark Binding', 'Morgana', 'Hard'),
('Dark Flight', 'Aatrox', 'Hard'),
('Dark Wind', 'Fiddlesticks', 'Soft'),
('Dazzle', 'Taric', 'Hard'),
('Death Sentence', 'Thresh', 'Hard'),
('Decisive Strike', 'Garen', 'Soft'),
('Decrepify', 'Swain', 'Soft'),
('Depth Charge', 'Nautilus', 'Hard'),
('Devastating Charge', 'Hecarim', 'Hard'),
('Dragon Strike', 'Jarvan IV', 'Hard'),
('Dragon''s Descent', 'Shyvana', 'Hard'),
('Dragon''s Rage', 'Lee Sin', 'Hard'),
('Dredge Line', 'Nautilus', 'Hard'),
('Elastic Slingshot', 'Zac', 'Hard'),
('Electro-Harpoon', 'Rumble', 'Soft'),
('Enchanted Crystal Arrow', 'Ashe', 'Hard'),
('Equilibrium Strike', 'Irelia', 'Hard'),
('Ethereal Chains', 'Leblanc', 'Hard'),
('Event Horizon', 'Veigar', 'Hard'),
('Explosive Cask', 'Gragas', 'Hard'),
('Feral Scream', 'Cho''Gath', 'Soft'),
('Flame Chompers!', 'Jinx', 'Hard'),
('Flash Frost', 'Anivia', 'Hard'),
('Flay', 'Thresh', 'Hard'),
('Fling', 'Singed', 'Hard'),
('Focused Resolve', 'Karma', 'Hard'),
('Force of Will', 'Syndra', 'Soft'),
('Force Pulse', 'Kassadin', 'Soft'),
('Frost', 'Sejuani', 'Soft'),
('Frost Shot', 'Ashe', 'Soft'),
('Frozen Tomb', 'Lissandra', 'Hard'),
('Glacial Prison', 'Sejuani', 'Hard'),
('Glacial Storm', 'Anivia', 'Soft'),
('Glitter Lance', 'Lulu', 'Soft'),
('Golden Aegis', 'Jarvan IV', 'Soft'),
('Grasping Roots', 'Zyra', 'Hard'),
('Gravity Field', 'Viktor', 'Hard'),
('H-28Q Apex Turret', 'Heimerdinger', 'Soft'),
('Hail of Arrows', 'Varus', 'Soft'),
('Headbutt', 'Alistar', 'Hard'),
('Heroic Charge', 'Poppy', 'Hard'),
('Hexplosive Minefield', 'Ziggs', 'Soft'),
('Howling Gale', 'Janna', 'Hard'),
('Hyper-Kinetic Position Reverser', 'Urgot', 'Hard'),
('Ice Blast', 'Nunu', 'Soft'),
('Ice Shard', 'Lissandra', 'Soft'),
('Idol of Durand', 'Galio', 'Hard'),
('Impale', 'Skarner', 'Hard'),
('Infected Cleaver', 'Dr.Mundo', 'Soft'),
('Infinite Duress', 'Warwick', 'Hard'),
('Infuse', 'Soraka', 'Soft'),
('Inner Flame', 'Karma', 'Soft'),
('Jack in the Box', 'Shaco', 'Hard'),
('Ki Burst', 'Riven', 'Hard'),
('Let''s Bounce', 'Zac', 'Hard'),
('Light Binding', 'Lux', 'Hard'),
('Lucent Singularity', 'Lux', 'Soft'),
('Mage Chains', 'Xerath', 'Hard'),
('Make it Rain', 'Miss Fortune', 'Soft'),
('Mark of Storm', 'Kennen', 'Hard'),
('Mega Adhesive', 'Singed', 'Soft'),
('Miasma', 'Cassiopeia', 'Soft'),
('Mocking Shout', 'Tryndamere', 'Soft'),
('Monsoon', 'Janna', 'Hard'),
('Moonfall', 'Diana', 'Hard'),
('Nether Grasp', 'Malzahar', 'Hard'),
('Nevermove', 'Swain', 'Hard'),
('Noxious Trap', 'Teemo', 'Soft'),
('Null Sphere', 'Kassadin', 'Soft'),
('Omen of Pestilence', 'Yorick', 'Soft'),
('Onslaught of Shadows', 'Hecarim', 'Hard'),
('Permafrost', 'Sejuani', 'Soft'),
('Petrifying Gaze', 'Cassiopeia', 'Hard'),
('Pick a Card', 'Twisted Fate', 'Hard'),
('Pillar of Ice', 'Trundle', 'Terrain'),
('Power Chord', 'Sona', 'Soft'),
('Power Fist', 'Blitzcrank', 'Hard'),
('Powerball', 'Rammus', 'Hard'),
('Pulverize', 'Alistar', 'Hard'),
('Puncturing Taunt', 'Rammus', 'Hard'),
('Pyromania', 'Annie', 'Hard'),
('Rake', 'Talon', 'Soft'),
('Reckoning', 'Kayle', 'Soft'),
('Resolute Smite', 'Galio', 'Soft'),
('Ring of Frost', 'Lissandra', 'Hard'),
('Riptide', 'Nautilus', 'Soft'),
('Rocket Grab', 'Blitzcrank', 'Hard'),
('Rocketjump', 'Tristana', 'Soft'),
('Rolling Thunder', 'Volibear', 'Hard'),
('Rune Prison', 'Ryze', 'Hard'),
('Rupture', 'Cho''Gath', 'Hard'),
('Ruthless Predator', 'Renekton', 'Hard'),
('Sanguine Pool', 'Vladimir', 'Soft'),
('Satchel Charge', 'Ziggs', 'Hard'),
('Scatter the Weak', 'Syndra', 'Hard'),
('Sear', 'Brand', 'Hard'),
('Seismic Shard', 'Malphite', 'Soft'),
('Shadow Dash', 'Shen', 'Hard'),
('Shadow Slash', 'Zed', 'Soft'),
('Shield of Daybreak', 'Leona', 'Hard'),
('Sigil of Silence', 'Leblanc', 'Soft'),
('Smoke Screen', 'Graves', 'Soft'),
('Solar Flare', 'Leona', 'Hard'),
('Soul Shackles', 'Morgana', 'Hard'),
('Staggering Blow', 'Nautilus', 'Hard'),
('Stand Aside', 'Draven', 'Hard'),
('Static Field', 'Blitzcrank', 'Soft'),
('Stranglethorns', 'Zyra', 'Hard'),
('Streching Strike', 'Zac', 'Soft'),
('Terrify', 'Fiddlesticks', 'Hard'),
('Terror Capacitor', 'Urgot', 'Soft'),
('The Box', 'Thresh', 'Soft'),
('The Equalizer', 'Rumble', 'Soft'),
('Three Talon Strike', 'Xin Zhao', 'Hard'),
('Thundering Blow', 'Jayce', 'Hard'),
('Tidal Wave', 'Nami', 'Hard'),
('Tidecallers Blessing', 'Nami', 'Soft'),
('Time Warp', 'Zilean', 'Soft'),
('To the Skies!', 'Jayce', 'Soft'),
('Twilight Shroud', 'Akali', 'Soft'),
('Twisted Advance', 'Maokai', 'Hard'),
('Two-Shiv Poison', 'Shaco', 'Soft'),
('Undertow', 'Olaf', 'Soft'),
('Unseen Threat', 'Kha''Zix', 'Soft'),
('Unspeakable Horror', 'Nocturne', 'Hard'),
('Unstoppable Force', 'Malphite', 'Hard'),
('Vault', 'Quinn', 'Soft'),
('Vault Breaker', 'Vi', 'Hard'),
('Venom Cast', 'Twitch', 'Soft'),
('Void Ooze', 'Kog''Maw', 'Soft'),
('Volley', 'Ashe', 'Soft'),
('Wall of Pain', 'Karthus', 'Soft'),
('Whimsy', 'Lulu', 'Hard'),
('Wild Growth', 'Lulu', 'Hard'),
('Wither', 'Nasus', 'Soft'),
('Yordle Snap Trap', 'Caitlyn', 'Hard'),
('Zap!', 'Jinx', 'Soft'),
('Zenith Blade', 'Leona', 'Hard'),
('Zephyr', 'Janna', 'Soft');

-- --------------------------------------------------------

--
-- Table structure for table `position`
--

CREATE TABLE IF NOT EXISTS `position` (
  `Position_Name` varchar(255) NOT NULL,
  `Champ_Name` varchar(255) NOT NULL,
  `isPrimary` tinyint(1) NOT NULL,
  PRIMARY KEY (`Position_Name`,`Champ_Name`),
  KEY `Champ_Name` (`Champ_Name`)
) ENGINE=InnoDB DEFAULT CHARSET=latin1;

--
-- Dumping data for table `position`
--

INSERT INTO `position` (`Position_Name`, `Champ_Name`, `isPrimary`) VALUES
('Bot Carry', 'Ashe', 1),
('Bot Carry', 'Caitlyn', 1),
('Bot Carry', 'Corki', 1),
('Bot Carry', 'Draven', 1),
('Bot Carry', 'Ezreal', 1),
('Bot Carry', 'Graves', 1),
('Bot Carry', 'Jinx', 1),
('Bot Carry', 'Kayle', 0),
('Bot Carry', 'Kog''Maw', 1),
('Bot Carry', 'Lucian', 1),
('Bot Carry', 'Miss Fortune', 1),
('Bot Carry', 'Quinn', 1),
('Bot Carry', 'Sivir', 1),
('Bot Carry', 'Tristana', 1),
('Bot Carry', 'Twitch', 1),
('Bot Carry', 'Urgot', 1),
('Bot Carry', 'Varus', 1),
('Bot Carry', 'Vayne', 1),
('Bot Support', 'Alistar', 1),
('Bot Support', 'Annie', 0),
('Bot Support', 'Blitzcrank', 1),
('Bot Support', 'Elise', 0),
('Bot Support', 'Fiddlesticks', 0),
('Bot Support', 'Janna', 1),
('Bot Support', 'Leona', 1),
('Bot Support', 'Lulu', 1),
('Bot Support', 'Lux', 0),
('Bot Support', 'Nami', 1),
('Bot Support', 'Nidalee', 0),
('Bot Support', 'Sona', 1),
('Bot Support', 'Soraka', 1),
('Bot Support', 'Taric', 1),
('Bot Support', 'Thresh', 1),
('Bot Support', 'Zilean', 1),
('Bot Support', 'Zyra', 0),
('Jungle', 'Aatrox', 0),
('Jungle', 'Alistar', 0),
('Jungle', 'Amumu', 1),
('Jungle', 'Cho''Gath', 1),
('Jungle', 'Dr.Mundo', 1),
('Jungle', 'Elise', 1),
('Jungle', 'Evelynn', 1),
('Jungle', 'Fiddlesticks', 1),
('Jungle', 'Gangplank', 0),
('Jungle', 'Hecarim', 1),
('Jungle', 'Jarvan IV', 1),
('Jungle', 'Jax', 0),
('Jungle', 'Lee Sin', 1),
('Jungle', 'Malphite', 0),
('Jungle', 'Maokai', 1),
('Jungle', 'Master Yi', 1),
('Jungle', 'Nasus', 0),
('Jungle', 'Nautilus', 1),
('Jungle', 'Nocturne', 1),
('Jungle', 'Nunu', 1),
('Jungle', 'Olaf', 0),
('Jungle', 'Pantheon', 0),
('Jungle', 'Rammus', 1),
('Jungle', 'Rengar', 0),
('Jungle', 'Sejuani', 1),
('Jungle', 'Shaco', 1),
('Jungle', 'Shyvana', 1),
('Jungle', 'Skarner', 1),
('Jungle', 'Trundle', 0),
('Jungle', 'Tryndamere', 0),
('Jungle', 'Udyr', 1),
('Jungle', 'Vi', 1),
('Jungle', 'Volibear', 1),
('Jungle', 'Warwick', 1),
('Jungle', 'Xin Zhao', 1),
('Jungle', 'Zac', 0),
('Middle', 'Ahri', 1),
('Middle', 'Akali', 0),
('Middle', 'Anivia', 1),
('Middle', 'Annie', 1),
('Middle', 'Brand', 1),
('Middle', 'Cassiopeia', 1),
('Middle', 'Diana', 1),
('Middle', 'Elise', 0),
('Middle', 'Fiddlesticks', 0),
('Middle', 'Fizz', 1),
('Middle', 'Galio', 1),
('Middle', 'Gragas', 1),
('Middle', 'Heimerdinger', 1),
('Middle', 'Karma', 1),
('Middle', 'Karthus', 1),
('Middle', 'Kassadin', 1),
('Middle', 'Katarina', 1),
('Middle', 'Kha''Zix', 1),
('Middle', 'LeBlanc', 1),
('Middle', 'Lissandra', 1),
('Middle', 'Lulu', 0),
('Middle', 'Lux', 1),
('Middle', 'Malzahar', 1),
('Middle', 'Morgana', 1),
('Middle', 'Nidalee', 1),
('Middle', 'Orianna', 1),
('Middle', 'Riven', 0),
('Middle', 'Ryze', 1),
('Middle', 'Swain', 1),
('Middle', 'Syndra', 1),
('Middle', 'Talon', 1),
('Middle', 'Tristana', 0),
('Middle', 'Twisted Fate', 1),
('Middle', 'Veigar', 1),
('Middle', 'Viktor', 1),
('Middle', 'Vladimir', 0),
('Middle', 'Xerath', 1),
('Middle', 'Zed', 0),
('Middle', 'Ziggs', 1),
('Middle', 'Zilean', 0),
('Middle', 'Zyra', 1),
('Top', 'Aatrox', 1),
('Top', 'Akali', 1),
('Top', 'Cho''Gath', 0),
('Top', 'Corki', 0),
('Top', 'Darius', 1),
('Top', 'Dr.Mundo', 0),
('Top', 'Elise', 0),
('Top', 'Ezreal', 0),
('Top', 'Fiora', 1),
('Top', 'Gangplank', 1),
('Top', 'Garen', 1),
('Top', 'Irelia', 1),
('Top', 'Jax', 1),
('Top', 'Jayce', 1),
('Top', 'Kayle', 1),
('Top', 'Kennen', 1),
('Top', 'Kha''Zix', 0),
('Top', 'Lee Sin', 0),
('Top', 'Malphite', 1),
('Top', 'Master Yi', 0),
('Top', 'Mordekaiser', 1),
('Top', 'Nasus', 1),
('Top', 'Nunu', 0),
('Top', 'Olaf', 1),
('Top', 'Pantheon', 1),
('Top', 'Poppy', 1),
('Top', 'Renekton', 1),
('Top', 'Rengar', 1),
('Top', 'Riven', 1),
('Top', 'Rumble', 1),
('Top', 'Shen', 1),
('Top', 'Shyvana', 0),
('Top', 'Singed', 1),
('Top', 'Sion', 1),
('Top', 'Swain', 0),
('Top', 'Teemo', 1),
('Top', 'Trundle', 1),
('Top', 'Tryndamere', 1),
('Top', 'Udyr', 0),
('Top', 'Vladimir', 1),
('Top', 'Volibear', 0),
('Top', 'Warwick', 0),
('Top', 'Wukong', 1),
('Top', 'Xin Zhao', 0),
('Top', 'Yorick', 1),
('Top', 'Zac', 1),
('Top', 'Zed', 1);

-- --------------------------------------------------------

--
-- Table structure for table `role`
--

CREATE TABLE IF NOT EXISTS `role` (
  `Role_Name` varchar(255) NOT NULL,
  `Champ_Name` varchar(255) NOT NULL,
  `isPrimary` tinyint(1) NOT NULL,
  PRIMARY KEY (`Role_Name`,`Champ_Name`),
  KEY `Champ_Name` (`Champ_Name`)
) ENGINE=InnoDB DEFAULT CHARSET=latin1;

--
-- Dumping data for table `role`
--

INSERT INTO `role` (`Role_Name`, `Champ_Name`, `isPrimary`) VALUES
('Assassin', 'Akali', 1),
('Assassin', 'Evelynn', 1),
('Assassin', 'Fiddlesticks', 0),
('Assassin', 'Fizz', 1),
('Assassin', 'Kassadin', 1),
('Assassin', 'Katarina', 1),
('Assassin', 'Kha''Zix', 1),
('Assassin', 'LeBlanc', 1),
('Assassin', 'Master Yi', 1),
('Assassin', 'Nidalee', 1),
('Assassin', 'Nocturne', 1),
('Assassin', 'Poppy', 0),
('Assassin', 'Rengar', 1),
('Assassin', 'Shaco', 1),
('Assassin', 'Talon', 1),
('Assassin', 'Vayne', 0),
('Assassin', 'Zed', 1),
('Fighter', 'Aatrox', 1),
('Fighter', 'Darius', 1),
('Fighter', 'Diana', 1),
('Fighter', 'Dr.Mundo', 1),
('Fighter', 'Elise', 0),
('Fighter', 'Fiora', 1),
('Fighter', 'Gangplank', 1),
('Fighter', 'Garen', 1),
('Fighter', 'Hecarim', 1),
('Fighter', 'Irelia', 1),
('Fighter', 'Jarvan IV', 0),
('Fighter', 'Jax', 1),
('Fighter', 'Jayce', 1),
('Fighter', 'Kayle', 1),
('Fighter', 'Lee Sin', 1),
('Fighter', 'Mordekaiser', 1),
('Fighter', 'Nocturne', 0),
('Fighter', 'Nunu', 0),
('Fighter', 'Olaf', 1),
('Fighter', 'Pantheon', 1),
('Fighter', 'Poppy', 1),
('Fighter', 'Renekton', 1),
('Fighter', 'Riven', 1),
('Fighter', 'Rumble', 1),
('Fighter', 'Ryze', 0),
('Fighter', 'Shyvana', 1),
('Fighter', 'Singed', 0),
('Fighter', 'Sion', 1),
('Fighter', 'Skarner', 1),
('Fighter', 'Swain', 0),
('Fighter', 'Trundle', 1),
('Fighter', 'Tryndamere', 1),
('Fighter', 'Udyr', 1),
('Fighter', 'Urgot', 0),
('Fighter', 'Vi', 1),
('Fighter', 'Vladimir', 0),
('Fighter', 'Volibear', 1),
('Fighter', 'Warwick', 1),
('Fighter', 'WuKong', 1),
('Fighter', 'Xin Zhao', 1),
('Fighter', 'Yorick', 1),
('Fighter', 'Zac', 0),
('Mage', 'Ahri', 1),
('Mage', 'Anivia', 1),
('Mage', 'Annie', 1),
('Mage', 'Brand', 1),
('Mage', 'Cassiopeia', 1),
('Mage', 'Cho''Gath', 0),
('Mage', 'Corki', 0),
('Mage', 'Elise', 1),
('Mage', 'Ezreal', 0),
('Mage', 'Fiddlesticks', 1),
('Mage', 'Fizz', 0),
('Mage', 'Galio', 0),
('Mage', 'Gragas', 1),
('Mage', 'Heimerdinger', 1),
('Mage', 'Janna', 0),
('Mage', 'Karma', 1),
('Mage', 'Karthus', 1),
('Mage', 'Kennen', 1),
('Mage', 'Lissandra', 1),
('Mage', 'Lulu', 0),
('Mage', 'Lux', 1),
('Mage', 'Malzahar', 1),
('Mage', 'Maokai', 0),
('Mage', 'Morgana', 1),
('Mage', 'Nami', 0),
('Mage', 'Nidalee', 0),
('Mage', 'Orianna', 1),
('Mage', 'Ryze', 1),
('Mage', 'Sion', 0),
('Mage', 'Swain', 1),
('Mage', 'Syndra', 1),
('Mage', 'Twisted Fate', 1),
('Mage', 'Veigar', 1),
('Mage', 'Viktor', 1),
('Mage', 'Vladimir', 1),
('Mage', 'Xerath', 1),
('Mage', 'Ziggs', 1),
('Mage', 'Zilean', 0),
('Mage', 'Zyra', 1),
('Marksman', 'Ashe', 1),
('Marksman', 'Caitlyn', 1),
('Marksman', 'Corki', 1),
('Marksman', 'Draven', 1),
('Marksman', 'Ezreal', 1),
('Marksman', 'Graves', 1),
('Marksman', 'Jinx', 1),
('Marksman', 'Kayle', 0),
('Marksman', 'Kog''Maw', 1),
('Marksman', 'Lucian', 1),
('Marksman', 'Miss Fortune', 1),
('Marksman', 'Quinn', 1),
('Marksman', 'Sivir', 1),
('Marksman', 'Teemo', 1),
('Marksman', 'Tristana', 1),
('Marksman', 'Twitch', 1),
('Marksman', 'Urgot', 1),
('Marksman', 'Varus', 1),
('Marksman', 'Vayne', 1),
('Support', 'Alistar', 0),
('Support', 'Annie', 0),
('Support', 'Blitzcrank', 0),
('Support', 'Elise', 0),
('Support', 'Fiddlesticks', 0),
('Support', 'Janna', 1),
('Support', 'Leona', 0),
('Support', 'Lulu', 1),
('Support', 'Lux', 0),
('Support', 'Nami', 1),
('Support', 'Nidalee', 0),
('Support', 'Nunu', 1),
('Support', 'Sona', 1),
('Support', 'Soraka', 1),
('Support', 'Taric', 1),
('Support', 'Thresh', 1),
('Support', 'Zilean', 1),
('Support', 'Zyra', 0),
('Tank', 'Alistar', 1),
('Tank', 'Amumu', 1),
('Tank', 'Blitzcrank', 1),
('Tank', 'Cho''Gath', 1),
('Tank', 'Dr.Mundo', 0),
('Tank', 'Galio', 1),
('Tank', 'Hecarim', 0),
('Tank', 'Jarvan IV', 1),
('Tank', 'Leona', 1),
('Tank', 'Malphite', 1),
('Tank', 'Maokai', 1),
('Tank', 'Mordekaiser', 0),
('Tank', 'Nasus', 0),
('Tank', 'Nautilus', 1),
('Tank', 'Rammus', 1),
('Tank', 'Sejuani', 1),
('Tank', 'Shen', 1),
('Tank', 'Shyvana', 0),
('Tank', 'Singed', 1),
('Tank', 'Volibear', 0),
('Tank', 'Zac', 1);

-- --------------------------------------------------------

--
-- Table structure for table `www`
--

CREATE TABLE IF NOT EXISTS `www` (
  `Champ1` varchar(255) NOT NULL,
  `Champ2` varchar(255) NOT NULL,
  PRIMARY KEY (`Champ1`,`Champ2`),
  KEY `Champ2` (`Champ2`)
) ENGINE=InnoDB DEFAULT CHARSET=latin1;

--
-- Dumping data for table `www`
--

INSERT INTO `www` (`Champ1`, `Champ2`) VALUES
('Rumble', 'Anivia'),
('Zac', 'Anivia'),
('Malphite', 'Annie'),
('Zyra', 'Ashe'),
('Lux', 'Blitzcrank'),
('Vayne', 'Blitzcrank'),
('Jarvan IV', 'Cho''Gath'),
('Shen', 'Evelynn'),
('Cho''Gath', 'Jarvan IV'),
('Kayle', 'Jarvan IV'),
('Miss Fortune', 'Jarvan IV'),
('Jarvan IV', 'Kayle'),
('Soraka', 'Lucian'),
('Singed', 'Lulu'),
('Blitzcrank', 'Lux'),
('Annie', 'Malphite'),
('Orianna', 'Malphite'),
('Jarvan IV', 'Miss Fortune'),
('Amumu', 'Morgana'),
('Renekton', 'Nasus'),
('Shen', 'Nocturne'),
('Malphite', 'Orianna'),
('Zac', 'Orianna'),
('Nasus', 'Renekton'),
('Anivia', 'Rumble'),
('Evelynn', 'Shen'),
('Nocturne', 'Shen'),
('Lulu', 'Singed'),
('Volibear', 'Singed'),
('Zilean', 'Singed'),
('Taric', 'Sivir'),
('Lucian', 'Soraka'),
('Sivir', 'Taric'),
('Lee Sin', 'Teemo'),
('Blitzcrank', 'Vayne'),
('Singed', 'Volibear'),
('Anivia', 'Zac'),
('Orianna', 'Zac'),
('Singed', 'Zilean'),
('Ashe', 'Zyra');

--
-- Constraints for dumped tables
--

--
-- Constraints for table `crowd_control`
--
ALTER TABLE `crowd_control`
  ADD CONSTRAINT `crowd_control_ibfk_1` FOREIGN KEY (`Champ_Name`) REFERENCES `champion` (`Name`) ON DELETE CASCADE ON UPDATE CASCADE;

--
-- Constraints for table `position`
--
ALTER TABLE `position`
  ADD CONSTRAINT `position_ibfk_1` FOREIGN KEY (`Champ_Name`) REFERENCES `champion` (`Name`) ON DELETE CASCADE ON UPDATE CASCADE;

--
-- Constraints for table `role`
--
ALTER TABLE `role`
  ADD CONSTRAINT `role_ibfk_1` FOREIGN KEY (`Champ_Name`) REFERENCES `champion` (`Name`) ON DELETE CASCADE ON UPDATE CASCADE;

--
-- Constraints for table `www`
--
ALTER TABLE `www`
  ADD CONSTRAINT `www_ibfk_1` FOREIGN KEY (`Champ1`) REFERENCES `champion` (`Name`) ON DELETE CASCADE ON UPDATE CASCADE,
  ADD CONSTRAINT `www_ibfk_2` FOREIGN KEY (`Champ2`) REFERENCES `champion` (`Name`) ON DELETE CASCADE ON UPDATE CASCADE;

/*!40101 SET CHARACTER_SET_CLIENT=@OLD_CHARACTER_SET_CLIENT */;
/*!40101 SET CHARACTER_SET_RESULTS=@OLD_CHARACTER_SET_RESULTS */;
/*!40101 SET COLLATION_CONNECTION=@OLD_COLLATION_CONNECTION */;
